"","Sample","N_allcells","Method_other","value_other","value_panctc","Metr"
"1","GSE199994_HD1+GSE147082_OVCme_malignant",7176,"CTCTracer",0.333333333333333,1,"Sensitivity"
"2","GSE199994_HD1+GSE147082_OVCme_malignant",7086,"CTCTracer",1,0.9,"Sensitivity"
"3","GSE199994_HD1+GSE147082_OVCme_malignant",7101,"CTCTracer",0.96,1,"Sensitivity"
"4","GSE199994_HD1+GSE147082_OVCme_malignant",7079,"CTCTracer",0.01,1,"Sensitivity"
"5","GSE199994_HD1+GSE163558_GCme_malignant",7176,"CTCTracer",0,0.96,"Sensitivity"
"6","GSE199994_HD1+GSE163558_GCme_malignant",7086,"CTCTracer",1,1,"Sensitivity"
"7","GSE199994_HD1+GSE163558_GCme_malignant",7101,"CTCTracer",1,1,"Sensitivity"
"8","GSE199994_HD1+GSE163558_GCme_malignant",7079,"CTCTracer",0,1,"Sensitivity"
"9","GSE199994_HD1+GSE176029_LiverMela_malignant",7176,"CTCTracer",0,0.98,"Sensitivity"
"10","GSE199994_HD1+GSE176029_LiverMela_malignant",7086,"CTCTracer",1,1,"Sensitivity"
"11","GSE199994_HD1+GSE176029_LiverMela_malignant",7101,"CTCTracer",1,1,"Sensitivity"
"12","GSE199994_HD1+GSE176029_LiverMela_malignant",7079,"CTCTracer",0,1,"Sensitivity"
"13","GSE199994_HD1+GSE163558_GCme_malignant",7086,"iCTC",0,1,"Sensitivity"
"14","GSE199994_HD1+GSE147082_OVCme_malignant",7079,"scATOMIC",0,1,"Sensitivity"
"15","GSE199994_HD1+GSE147082_OVCme_malignant",7086,"scATOMIC",0.8,0.9,"Sensitivity"
"16","GSE199994_HD1+GSE147082_OVCme_malignant",7101,"scATOMIC",1,1,"Sensitivity"
"17","GSE199994_HD1+GSE147082_OVCme_malignant",7176,"scATOMIC",1,1,"Sensitivity"
"18","GSE199994_HD1+GSE163558_GCme_malignant",7079,"scATOMIC",0,1,"Sensitivity"
"19","GSE199994_HD1+GSE163558_GCme_malignant",7086,"scATOMIC",0.9,1,"Sensitivity"
"20","GSE199994_HD1+GSE163558_GCme_malignant",7101,"scATOMIC",1,1,"Sensitivity"
"21","GSE199994_HD1+GSE163558_GCme_malignant",7176,"scATOMIC",0.99,0.96,"Sensitivity"
"22","GSE199994_HD1+GSE176029_LiverMela_malignant",7079,"scATOMIC",0,1,"Sensitivity"
"23","GSE199994_HD1+GSE176029_LiverMela_malignant",7086,"scATOMIC",1,1,"Sensitivity"
"24","GSE199994_HD1+GSE176029_LiverMela_malignant",7101,"scATOMIC",1,1,"Sensitivity"
"25","GSE199994_HD1+GSE176029_LiverMela_malignant",7176,"scATOMIC",0.99,0.98,"Sensitivity"
"26","GSE155698_PBMC1+GSE147082_OVCme_malignant",2723,"CTCTracer",1,1,"Sensitivity"
"27","GSE155698_PBMC1+GSE147082_OVCme_malignant",2730,"CTCTracer",1,1,"Sensitivity"
"28","GSE155698_PBMC1+GSE147082_OVCme_malignant",2745,"CTCTracer",1,1,"Sensitivity"
"29","GSE155698_PBMC1+GSE147082_OVCme_malignant",2820,"CTCTracer",0.98,0.99,"Sensitivity"
"30","GSE155698_PBMC1+GSE163558_GCme_malignant",2723,"CTCTracer",1,1,"Sensitivity"
"31","GSE155698_PBMC1+GSE163558_GCme_malignant",2730,"CTCTracer",1,1,"Sensitivity"
"32","GSE155698_PBMC1+GSE163558_GCme_malignant",2745,"CTCTracer",1,0.96,"Sensitivity"
"33","GSE155698_PBMC1+GSE163558_GCme_malignant",2820,"CTCTracer",1,0.99,"Sensitivity"
"34","GSE155698_PBMC1+GSE176029_LiverMela_malignant",2723,"CTCTracer",1,1,"Sensitivity"
"35","GSE155698_PBMC1+GSE176029_LiverMela_malignant",2730,"CTCTracer",1,1,"Sensitivity"
"36","GSE155698_PBMC1+GSE176029_LiverMela_malignant",2745,"CTCTracer",1,1,"Sensitivity"
"37","GSE155698_PBMC1+GSE176029_LiverMela_malignant",2820,"CTCTracer",1,0.99,"Sensitivity"
"38","GSE155698_PBMC1+GSE147082_OVCme_malignant",2723,"scATOMIC",0,1,"Sensitivity"
"39","GSE155698_PBMC1+GSE147082_OVCme_malignant",2730,"scATOMIC",1,1,"Sensitivity"
"40","GSE155698_PBMC1+GSE147082_OVCme_malignant",2745,"scATOMIC",0.36,1,"Sensitivity"
"41","GSE155698_PBMC1+GSE147082_OVCme_malignant",2820,"scATOMIC",0.99,0.99,"Sensitivity"
"42","GSE155698_PBMC1+GSE163558_GCme_malignant",2723,"scATOMIC",0,1,"Sensitivity"
"43","GSE155698_PBMC1+GSE163558_GCme_malignant",2730,"scATOMIC",0.8,1,"Sensitivity"
"44","GSE155698_PBMC1+GSE163558_GCme_malignant",2745,"scATOMIC",0.76,0.96,"Sensitivity"
"45","GSE155698_PBMC1+GSE163558_GCme_malignant",2820,"scATOMIC",0.96,0.99,"Sensitivity"
"46","GSE155698_PBMC1+GSE176029_LiverMela_malignant",2723,"scATOMIC",1,1,"Sensitivity"
"47","GSE155698_PBMC1+GSE176029_LiverMela_malignant",2730,"scATOMIC",1,1,"Sensitivity"
"48","GSE155698_PBMC1+GSE176029_LiverMela_malignant",2745,"scATOMIC",1,1,"Sensitivity"
"49","GSE155698_PBMC1+GSE176029_LiverMela_malignant",2820,"scATOMIC",0.99,0.99,"Sensitivity"
"50","GSE155698_PBMC1+GSE147082_OVCme_malignant",2723,"scfoundation",0,1,"Sensitivity"
"51","GSE155698_PBMC1+GSE147082_OVCme_malignant",2730,"scfoundation",0.1,1,"Sensitivity"
"52","GSE155698_PBMC1+GSE147082_OVCme_malignant",2745,"scfoundation",0.08,1,"Sensitivity"
"53","GSE155698_PBMC1+GSE147082_OVCme_malignant",2820,"scfoundation",0.06,0.99,"Sensitivity"
"54","GSE155698_PBMC1+GSE163558_GCme_malignant",2723,"scfoundation",0,1,"Sensitivity"
"55","GSE155698_PBMC1+GSE163558_GCme_malignant",2730,"scfoundation",0.1,1,"Sensitivity"
"56","GSE155698_PBMC1+GSE163558_GCme_malignant",2745,"scfoundation",0.08,0.96,"Sensitivity"
"57","GSE155698_PBMC1+GSE163558_GCme_malignant",2820,"scfoundation",0.15,0.99,"Sensitivity"
"58","GSE155698_PBMC1+GSE176029_LiverMela_malignant",2723,"scfoundation",0,1,"Sensitivity"
"59","GSE155698_PBMC1+GSE176029_LiverMela_malignant",2730,"scfoundation",0.2,1,"Sensitivity"
"60","GSE155698_PBMC1+GSE176029_LiverMela_malignant",2745,"scfoundation",0.08,1,"Sensitivity"
"61","GSE155698_PBMC1+GSE176029_LiverMela_malignant",2820,"scfoundation",0.07,0.99,"Sensitivity"
"62","GSE155698_PBMC1+GSE147082_OVCme_malignant",2723,"scGPT",0,1,"Sensitivity"
"63","GSE155698_PBMC1+GSE147082_OVCme_malignant",2730,"scGPT",0.1,1,"Sensitivity"
"64","GSE155698_PBMC1+GSE147082_OVCme_malignant",2745,"scGPT",0.04,1,"Sensitivity"
"65","GSE155698_PBMC1+GSE147082_OVCme_malignant",2820,"scGPT",0.03,0.99,"Sensitivity"
"66","GSE155698_PBMC1+GSE163558_GCme_malignant",2723,"scGPT",0,1,"Sensitivity"
"67","GSE155698_PBMC1+GSE163558_GCme_malignant",2730,"scGPT",0.1,1,"Sensitivity"
"68","GSE155698_PBMC1+GSE163558_GCme_malignant",2745,"scGPT",0.08,0.96,"Sensitivity"
"69","GSE155698_PBMC1+GSE163558_GCme_malignant",2820,"scGPT",0.14,0.99,"Sensitivity"
"70","GSE155698_PBMC1+GSE176029_LiverMela_malignant",2723,"scGPT",0,1,"Sensitivity"
"71","GSE155698_PBMC1+GSE176029_LiverMela_malignant",2730,"scGPT",0.2,1,"Sensitivity"
"72","GSE155698_PBMC1+GSE176029_LiverMela_malignant",2745,"scGPT",0.08,1,"Sensitivity"
"73","GSE155698_PBMC1+GSE176029_LiverMela_malignant",2820,"scGPT",0.07,0.99,"Sensitivity"
"74","GSE199994_HD1+GSE147082_OVCme_malignant",7176,"CTCTracer",0.366095078767601,1,"Specificity"
"75","GSE199994_HD1+GSE147082_OVCme_malignant",7086,"CTCTracer",0.371254946297343,1,"Specificity"
"76","GSE199994_HD1+GSE147082_OVCme_malignant",7101,"CTCTracer",0.37408140192199,1,"Specificity"
"77","GSE199994_HD1+GSE147082_OVCme_malignant",7079,"CTCTracer",0.363375841811148,1,"Specificity"
"78","GSE199994_HD1+GSE163558_GCme_malignant",7176,"CTCTracer",0.366931548863795,1,"Specificity"
"79","GSE199994_HD1+GSE163558_GCme_malignant",7086,"CTCTracer",0.369700395703787,1,"Specificity"
"80","GSE199994_HD1+GSE163558_GCme_malignant",7101,"CTCTracer",0.370689655172414,1,"Specificity"
"81","GSE199994_HD1+GSE163558_GCme_malignant",7079,"CTCTracer",0.363232554807279,1,"Specificity"
"82","GSE199994_HD1+GSE176029_LiverMela_malignant",7176,"CTCTracer",0.368465077373484,1,"Specificity"
"83","GSE199994_HD1+GSE176029_LiverMela_malignant",7086,"CTCTracer",0.373657433578293,1,"Specificity"
"84","GSE199994_HD1+GSE176029_LiverMela_malignant",7101,"CTCTracer",0.372102882984737,1,"Specificity"
"85","GSE199994_HD1+GSE176029_LiverMela_malignant",7079,"CTCTracer",0.362372832784067,1,"Specificity"
"86","GSE199994_HD1+GSE163558_GCme_malignant",7086,"iCTC",0.998425422273118,1,"Specificity"
"87","GSE199994_HD1+GSE147082_OVCme_malignant",7079,"scATOMIC",1,1,"Specificity"
"88","GSE199994_HD1+GSE147082_OVCme_malignant",7086,"scATOMIC",1,1,"Specificity"
"89","GSE199994_HD1+GSE147082_OVCme_malignant",7101,"scATOMIC",1,1,"Specificity"
"90","GSE199994_HD1+GSE147082_OVCme_malignant",7176,"scATOMIC",1,1,"Specificity"
"91","GSE199994_HD1+GSE163558_GCme_malignant",7079,"scATOMIC",1,1,"Specificity"
"92","GSE199994_HD1+GSE163558_GCme_malignant",7086,"scATOMIC",1,1,"Specificity"
"93","GSE199994_HD1+GSE163558_GCme_malignant",7101,"scATOMIC",1,1,"Specificity"
"94","GSE199994_HD1+GSE163558_GCme_malignant",7176,"scATOMIC",0.999717354437535,1,"Specificity"
"95","GSE199994_HD1+GSE176029_LiverMela_malignant",7079,"scATOMIC",1,1,"Specificity"
"96","GSE199994_HD1+GSE176029_LiverMela_malignant",7086,"scATOMIC",1,1,"Specificity"
"97","GSE199994_HD1+GSE176029_LiverMela_malignant",7101,"scATOMIC",1,1,"Specificity"
"98","GSE199994_HD1+GSE176029_LiverMela_malignant",7176,"scATOMIC",1,1,"Specificity"
"99","GSE155698_PBMC1+GSE147082_OVCme_malignant",2723,"CTCTracer",0.146691176470588,1,"Specificity"
"100","GSE155698_PBMC1+GSE147082_OVCme_malignant",2730,"CTCTracer",0.144852941176471,1,"Specificity"
"101","GSE155698_PBMC1+GSE147082_OVCme_malignant",2745,"CTCTracer",0.14375,1,"Specificity"
"102","GSE155698_PBMC1+GSE147082_OVCme_malignant",2820,"CTCTracer",0.148529411764706,1,"Specificity"
"103","GSE155698_PBMC1+GSE163558_GCme_malignant",2723,"CTCTracer",0.147426470588235,1,"Specificity"
"104","GSE155698_PBMC1+GSE163558_GCme_malignant",2730,"CTCTracer",0.146323529411765,1,"Specificity"
"105","GSE155698_PBMC1+GSE163558_GCme_malignant",2745,"CTCTracer",0.146691176470588,1,"Specificity"
"106","GSE155698_PBMC1+GSE163558_GCme_malignant",2820,"CTCTracer",0.148529411764706,1,"Specificity"
"107","GSE155698_PBMC1+GSE176029_LiverMela_malignant",2723,"CTCTracer",0.150735294117647,1,"Specificity"
"108","GSE155698_PBMC1+GSE176029_LiverMela_malignant",2730,"CTCTracer",0.144485294117647,1,"Specificity"
"109","GSE155698_PBMC1+GSE176029_LiverMela_malignant",2745,"CTCTracer",0.146691176470588,1,"Specificity"
"110","GSE155698_PBMC1+GSE176029_LiverMela_malignant",2820,"CTCTracer",0.146691176470588,1,"Specificity"
"111","GSE155698_PBMC1+GSE147082_OVCme_malignant",2723,"scATOMIC",1,1,"Specificity"
"112","GSE155698_PBMC1+GSE147082_OVCme_malignant",2730,"scATOMIC",0.999632352941176,1,"Specificity"
"113","GSE155698_PBMC1+GSE147082_OVCme_malignant",2745,"scATOMIC",1,1,"Specificity"
"114","GSE155698_PBMC1+GSE147082_OVCme_malignant",2820,"scATOMIC",1,1,"Specificity"
"115","GSE155698_PBMC1+GSE163558_GCme_malignant",2723,"scATOMIC",1,1,"Specificity"
"116","GSE155698_PBMC1+GSE163558_GCme_malignant",2730,"scATOMIC",1,1,"Specificity"
"117","GSE155698_PBMC1+GSE163558_GCme_malignant",2745,"scATOMIC",1,1,"Specificity"
"118","GSE155698_PBMC1+GSE163558_GCme_malignant",2820,"scATOMIC",1,1,"Specificity"
"119","GSE155698_PBMC1+GSE176029_LiverMela_malignant",2723,"scATOMIC",1,1,"Specificity"
"120","GSE155698_PBMC1+GSE176029_LiverMela_malignant",2730,"scATOMIC",1,1,"Specificity"
"121","GSE155698_PBMC1+GSE176029_LiverMela_malignant",2745,"scATOMIC",0.998529411764706,1,"Specificity"
"122","GSE155698_PBMC1+GSE176029_LiverMela_malignant",2820,"scATOMIC",0.999632352941176,1,"Specificity"
"123","GSE155698_PBMC1+GSE147082_OVCme_malignant",2723,"scfoundation",1,1,"Specificity"
"124","GSE155698_PBMC1+GSE147082_OVCme_malignant",2730,"scfoundation",1,1,"Specificity"
"125","GSE155698_PBMC1+GSE147082_OVCme_malignant",2745,"scfoundation",1,1,"Specificity"
"126","GSE155698_PBMC1+GSE147082_OVCme_malignant",2820,"scfoundation",1,1,"Specificity"
"127","GSE155698_PBMC1+GSE163558_GCme_malignant",2723,"scfoundation",1,1,"Specificity"
"128","GSE155698_PBMC1+GSE163558_GCme_malignant",2730,"scfoundation",1,1,"Specificity"
"129","GSE155698_PBMC1+GSE163558_GCme_malignant",2745,"scfoundation",1,1,"Specificity"
"130","GSE155698_PBMC1+GSE163558_GCme_malignant",2820,"scfoundation",1,1,"Specificity"
"131","GSE155698_PBMC1+GSE176029_LiverMela_malignant",2723,"scfoundation",1,1,"Specificity"
"132","GSE155698_PBMC1+GSE176029_LiverMela_malignant",2730,"scfoundation",1,1,"Specificity"
"133","GSE155698_PBMC1+GSE176029_LiverMela_malignant",2745,"scfoundation",1,1,"Specificity"
"134","GSE155698_PBMC1+GSE176029_LiverMela_malignant",2820,"scfoundation",1,1,"Specificity"
"135","GSE155698_PBMC1+GSE147082_OVCme_malignant",2723,"scGPT",1,1,"Specificity"
"136","GSE155698_PBMC1+GSE147082_OVCme_malignant",2730,"scGPT",1,1,"Specificity"
"137","GSE155698_PBMC1+GSE147082_OVCme_malignant",2745,"scGPT",1,1,"Specificity"
"138","GSE155698_PBMC1+GSE147082_OVCme_malignant",2820,"scGPT",1,1,"Specificity"
"139","GSE155698_PBMC1+GSE163558_GCme_malignant",2723,"scGPT",1,1,"Specificity"
"140","GSE155698_PBMC1+GSE163558_GCme_malignant",2730,"scGPT",1,1,"Specificity"
"141","GSE155698_PBMC1+GSE163558_GCme_malignant",2745,"scGPT",1,1,"Specificity"
"142","GSE155698_PBMC1+GSE163558_GCme_malignant",2820,"scGPT",1,1,"Specificity"
"143","GSE155698_PBMC1+GSE176029_LiverMela_malignant",2723,"scGPT",1,1,"Specificity"
"144","GSE155698_PBMC1+GSE176029_LiverMela_malignant",2730,"scGPT",1,1,"Specificity"
"145","GSE155698_PBMC1+GSE176029_LiverMela_malignant",2745,"scGPT",1,1,"Specificity"
"146","GSE155698_PBMC1+GSE176029_LiverMela_malignant",2820,"scGPT",1,1,"Specificity"
